Workbook
Name zn_BOX: Stock!$I$5
Name zn_BAG: Stock!$I$6
Name zn_FLM: Stock!$I$7
Name zn_LBL: Stock!$I$8
Name dd_ALL: OFFSET(Lists!$A$3,0,0,MAX(1,Lists!$A$2),1)
Name dd_BOX: OFFSET(Lists!$B$3,0,0,MAX(1,Lists!$B$2),1)
Name dd_BAG: OFFSET(Lists!$C$3,0,0,MAX(1,Lists!$C$2),1)
Name dd_FLM: OFFSET(Lists!$D$3,0,0,MAX(1,Lists!$D$2),1)
Name dd_LBL: OFFSET(Lists!$E$3,0,0,MAX(1,Lists!$E$2),1)
Name ItemCodes: tblStock[Item code]
Name ItemZones: tblStock[Zone]

Sheet Map
A1: Consumables Floor Map, Sherburn
A2: PUT AWAY: click a square → arrow → pick. MOVE: double-click a pallet, then click where it goes. REMOVE: click it, press Delete.
B4: LOADING BAY
B6: ="L3 "&zn_BOX | R6: WALKWAY | U6: ="R4 "&zn_BOX | AL6: COLOURS
AN7: =zn_BOX
AN8: =zn_BAG
AN9: =zn_FLM
AN10: =zn_LBL
B11: ="L2 "&zn_BOX | U11: ="R3 "&zn_BAG | AN11: Stripes = free space
AN12: Red = wrong zone, move it
AN13: Grey = not ours
AL15: FREE SPACES
B16: ="L1 "&zn_BOX | U16: ="R2 "&zn_FLM | AL16: =256-(COUNTA(B17:Q20)+COUNTA(B12:Q15)+COUNTA(B7:Q10)+COUNTA(U7:AJ10)) | AN16: =zn_BOX
AL17: =64-(COUNTA(U12:AJ15)) | AN17: =zn_BAG
AL18: =64-(COUNTA(U17:AJ20)) | AN18: =zn_FLM
AL19: =16-(COUNTA(U22:AJ22)) | AN19: =zn_LBL
B21: XL NOT OURS | U21: ="R1 "&zn_LBL | AL21: LOW STOCK
B22: NOT OURS - someone else's space | AL22: =COUNTIF(tblStock[Status],"LOW") | AN22: items LOW - see Stock sheet
U23: XR NOT OURS
U24: NOT OURS - someone else's space
B29: FIRE EXIT

Sheet Stock
A1: Stock
A2: Everything is counted in PALLETS. Type your items in the white columns; grey columns fill in by themselves. Add a new item on the first empty row.
A4: Item code | B4: Description | C4: Zone | D4: Low when pallets at or below | E4: Pallets on map | F4: Status | H4: Code | I4: Zone name (you can change it) | J4: Spaces | K4: Used | L4: Free
A5: EX-BOX | B5: EXAMPLE - type over me | C5: BOX | E5: =IF(tblStock[[#This Row],[Item code]]="","",COUNTIF(Map!$A$6:$AJ$27,tblStock[[#This Row],[Item code]])) | F5: =IF(tblStock[[#This Row],[Item code]]="","",IF(tblStock[[#This Row],[Pallets on map]]<=IF(tblStock[[#This Row],[Low when pallets at or below]]="",2,tblStock[[#This Row],[Low when pallets at or below]]),"LOW","OK")) | H5: BOX | I5: Boxes | J5: 256 | K5: =COUNTA(Map!B17:Q20)+COUNTA(Map!B12:Q15)+COUNTA(Map!B7:Q10)+COUNTA(Map!U7:AJ10) | L5: =J5-K5
A6: EX-WRAP | B6: EXAMPLE - type over me | C6: FLM | E6: =IF(tblStock[[#This Row],[Item code]]="","",COUNTIF(Map!$A$6:$AJ$27,tblStock[[#This Row],[Item code]])) | F6: =IF(tblStock[[#This Row],[Item code]]="","",IF(tblStock[[#This Row],[Pallets on map]]<=IF(tblStock[[#This Row],[Low when pallets at or below]]="",2,tblStock[[#This Row],[Low when pallets at or below]]),"LOW","OK")) | H6: BAG | I6: Bags | J6: 64 | K6: =COUNTA(Map!U12:AJ15) | L6: =J6-K6
H7: FLM | I7: Films and Wrap | J7: 64 | K7: =COUNTA(Map!U17:AJ20) | L7: =J7-K7
H8: LBL | I8: Labels and Packing | J8: 16 | K8: =COUNTA(Map!U22:AJ22) | L8: =J8-K8
H9: Type over a zone name (pink box) and the Map changes too. In the Zone column on the left, use the Code.

Sheet Moves
A1: Moves
A2: Filled in automatically by the macros. Newest at the bottom.
A4: When | B4: Who | C4: What | D4: Item | E4: From | F4: To

Sheet Lists
A1: ALL | B1: BOX | C1: BAG | D1: FLM | E1: LBL
A2: =COUNTIF(tblStock[Item code],"?*") | B2: =COUNTIFS(tblStock[Zone],"BOX",tblStock[Item code],"?*") | C2: =COUNTIFS(tblStock[Zone],"BAG",tblStock[Item code],"?*") | D2: =COUNTIFS(tblStock[Zone],"FLM",tblStock[Item code],"?*") | E2: =COUNTIFS(tblStock[Zone],"LBL",tblStock[Item code],"?*")
A3: {=IFERROR(INDEX(tblStock[Item code],SMALL(IF(tblStock[Item code]<>"",ROW(tblStock[Item code])-MIN(ROW(tblStock[Item code]))+1),ROWS(A$3:A3))),"")} | B3: {=IFERROR(INDEX(tblStock[Item code],SMALL(IF((tblStock[Zone]="BOX")*(tblStock[Item code]<>""),ROW(tblStock[Item code])-MIN(ROW(tblStock[Item code]))+1),ROWS(B$3:B3))),"")} | C3: {=IFERROR(INDEX(tblStock[Item code],SMALL(IF((tblStock[Zone]="BAG")*(tblStock[Item code]<>""),ROW(tblStock[Item code])-MIN(ROW(tblStock[Item code]))+1),ROWS(C$3:C3))),"")} | D3: {=IFERROR(INDEX(tblStock[Item code],SMALL(IF((tblStock[Zone]="FLM")*(tblStock[Item code]<>""),ROW(tblStock[Item code])-MIN(ROW(tblStock[Item code]))+1),ROWS(D$3:D3))),"")} | E3: {=IFERROR(INDEX(tblStock[Item code],SMALL(IF((tblStock[Zone]="LBL")*(tblStock[Item code]<>""),ROW(tblStock[Item code])-MIN(ROW(tblStock[Item code]))+1),ROWS(E$3:E3))),"")}
A4: {=IFERROR(INDEX(tblStock[Item code],SMALL(IF(tblStock[Item code]<>"",ROW(tblStock[Item code])-MIN(ROW(tblStock[Item code]))+1),ROWS(A$3:A4))),"")} | B4: {=IFERROR(INDEX(tblStock[Item code],SMALL(IF((tblStock[Zone]="BOX")*(tblStock[Item code]<>""),ROW(tblStock[Item code])-MIN(ROW(tblStock[Item code]))+1),ROWS(B$3:B4))),"")} | C4: {=IFERROR(INDEX(tblStock[Item code],SMALL(IF((tblStock[Zone]="BAG")*(tblStock[Item code]<>""),ROW(tblStock[Item code])-MIN(ROW(tblStock[Item code]))+1),ROWS(C$3:C4))),"")} | D4: {=IFERROR(INDEX(tblStock[Item code],SMALL(IF((tblStock[Zone]="FLM")*(tblStock[Item code]<>""),ROW(tblStock[Item code])-MIN(ROW(tblStock[Item code]))+1),ROWS(D$3:D4))),"")} | E4: {=IFERROR(INDEX(tblStock[Item code],SMALL(IF((tblStock[Zone]="LBL")*(tblStock[Item code]<>""),ROW(tblStock[Item code])-MIN(ROW(tblStock[Item code]))+1),ROWS(E$3:E4))),"")}
A5: {=IFERROR(INDEX(tblStock[Item code],SMALL(IF(tblStock[Item code]<>"",ROW(tblStock[Item code])-MIN(ROW(tblStock[Item code]))+1),ROWS(A$3:A5))),"")} | B5: {=IFERROR(INDEX(tblStock[Item code],SMALL(IF((tblStock[Zone]="BOX")*(tblStock[Item code]<>""),ROW(tblStock[Item code])-MIN(ROW(tblStock[Item code]))+1),ROWS(B$3:B5))),"")} | C5: {=IFERROR(INDEX(tblStock[Item code],SMALL(IF((tblStock[Zone]="BAG")*(tblStock[Item code]<>""),ROW(tblStock[Item code])-MIN(ROW(tblStock[Item code]))+1),ROWS(C$3:C5))),"")} | D5: {=IFERROR(INDEX(tblStock[Item code],SMALL(IF((tblStock[Zone]="FLM")*(tblStock[Item code]<>""),ROW(tblStock[Item code])-MIN(ROW(tblStock[Item code]))+1),ROWS(D$3:D5))),"")} | E5: {=IFERROR(INDEX(tblStock[Item code],SMALL(IF((tblStock[Zone]="LBL")*(tblStock[Item code]<>""),ROW(tblStock[Item code])-MIN(ROW(tblStock[Item code]))+1),ROWS(E$3:E5))),"")}
A6: {=IFERROR(INDEX(tblStock[Item code],SMALL(IF(tblStock[Item code]<>"",ROW(tblStock[Item code])-MIN(ROW(tblStock[Item code]))+1),ROWS(A$3:A6))),"")} | B6: {=IFERROR(INDEX(tblStock[Item code],SMALL(IF((tblStock[Zone]="BOX")*(tblStock[Item code]<>""),ROW(tblStock[Item code])-MIN(ROW(tblStock[Item code]))+1),ROWS(B$3:B6))),"")} | C6: {=IFERROR(INDEX(tblStock[Item code],SMALL(IF((tblStock[Zone]="BAG")*(tblStock[Item code]<>""),ROW(tblStock[Item code])-MIN(ROW(tblStock[Item code]))+1),ROWS(C$3:C6))),"")} | D6: {=IFERROR(INDEX(tblStock[Item code],SMALL(IF((tblStock[Zone]="FLM")*(tblStock[Item code]<>""),ROW(tblStock[Item code])-MIN(ROW(tblStock[Item code]))+1),ROWS(D$3:D6))),"")} | E6: {=IFERROR(INDEX(tblStock[Item code],SMALL(IF((tblStock[Zone]="LBL")*(tblStock[Item code]<>""),ROW(tblStock[Item code])-MIN(ROW(tblStock[Item code]))+1),ROWS(E$3:E6))),"")}
A7: {=IFERROR(INDEX(tblStock[Item code],SMALL(IF(tblStock[Item code]<>"",ROW(tblStock[Item code])-MIN(ROW(tblStock[Item code]))+1),ROWS(A$3:A7))),"")} | B7: {=IFERROR(INDEX(tblStock[Item code],SMALL(IF((tblStock[Zone]="BOX")*(tblStock[Item code]<>""),ROW(tblStock[Item code])-MIN(ROW(tblStock[Item code]))+1),ROWS(B$3:B7))),"")} | C7: {=IFERROR(INDEX(tblStock[Item code],SMALL(IF((tblStock[Zone]="BAG")*(tblStock[Item code]<>""),ROW(tblStock[Item code])-MIN(ROW(tblStock[Item code]))+1),ROWS(C$3:C7))),"")} | D7: {=IFERROR(INDEX(tblStock[Item code],SMALL(IF((tblStock[Zone]="FLM")*(tblStock[Item code]<>""),ROW(tblStock[Item code])-MIN(ROW(tblStock[Item code]))+1),ROWS(D$3:D7))),"")} | E7: {=IFERROR(INDEX(tblStock[Item code],SMALL(IF((tblStock[Zone]="LBL")*(tblStock[Item code]<>""),ROW(tblStock[Item code])-MIN(ROW(tblStock[Item code]))+1),ROWS(E$3:E7))),"")}
A8: {=IFERROR(INDEX(tblStock[Item code],SMALL(IF(tblStock[Item code]<>"",ROW(tblStock[Item code])-MIN(ROW(tblStock[Item code]))+1),ROWS(A$3:A8))),"")} | B8: {=IFERROR(INDEX(tblStock[Item code],SMALL(IF((tblStock[Zone]="BOX")*(tblStock[Item code]<>""),ROW(tblStock[Item code])-MIN(ROW(tblStock[Item code]))+1),ROWS(B$3:B8))),"")} | C8: {=IFERROR(INDEX(tblStock[Item code],SMALL(IF((tblStock[Zone]="BAG")*(tblStock[Item code]<>""),ROW(tblStock[Item code])-MIN(ROW(tblStock[Item code]))+1),ROWS(C$3:C8))),"")} | D8: {=IFERROR(INDEX(tblStock[Item code],SMALL(IF((tblStock[Zone]="FLM")*(tblStock[Item code]<>""),ROW(tblStock[Item code])-MIN(ROW(tblStock[Item code]))+1),ROWS(D$3:D8))),"")} | E8: {=IFERROR(INDEX(tblStock[Item code],SMALL(IF((tblStock[Zone]="LBL")*(tblStock[Item code]<>""),ROW(tblStock[Item code])-MIN(ROW(tblStock[Item code]))+1),ROWS(E$3:E8))),"")}
A9: {=IFERROR(INDEX(tblStock[Item code],SMALL(IF(tblStock[Item code]<>"",ROW(tblStock[Item code])-MIN(ROW(tblStock[Item code]))+1),ROWS(A$3:A9))),"")} | B9: {=IFERROR(INDEX(tblStock[Item code],SMALL(IF((tblStock[Zone]="BOX")*(tblStock[Item code]<>""),ROW(tblStock[Item code])-MIN(ROW(tblStock[Item code]))+1),ROWS(B$3:B9))),"")} | C9: {=IFERROR(INDEX(tblStock[Item code],SMALL(IF((tblStock[Zone]="BAG")*(tblStock[Item code]<>""),ROW(tblStock[Item code])-MIN(ROW(tblStock[Item code]))+1),ROWS(C$3:C9))),"")} | D9: {=IFERROR(INDEX(tblStock[Item code],SMALL(IF((tblStock[Zone]="FLM")*(tblStock[Item code]<>""),ROW(tblStock[Item code])-MIN(ROW(tblStock[Item code]))+1),ROWS(D$3:D9))),"")} | E9: {=IFERROR(INDEX(tblStock[Item code],SMALL(IF((tblStock[Zone]="LBL")*(tblStock[Item code]<>""),ROW(tblStock[Item code])-MIN(ROW(tblStock[Item code]))+1),ROWS(E$3:E9))),"")}
A10: {=IFERROR(INDEX(tblStock[Item code],SMALL(IF(tblStock[Item code]<>"",ROW(tblStock[Item code])-MIN(ROW(tblStock[Item code]))+1),ROWS(A$3:A10))),"")} | B10: {=IFERROR(INDEX(tblStock[Item code],SMALL(IF((tblStock[Zone]="BOX")*(tblStock[Item code]<>""),ROW(tblStock[Item code])-MIN(ROW(tblStock[Item code]))+1),ROWS(B$3:B10))),"")} | C10: {=IFERROR(INDEX(tblStock[Item code],SMALL(IF((tblStock[Zone]="BAG")*(tblStock[Item code]<>""),ROW(tblStock[Item code])-MIN(ROW(tblStock[Item code]))+1),ROWS(C$3:C10))),"")} | D10: {=IFERROR(INDEX(tblStock[Item code],SMALL(IF((tblStock[Zone]="FLM")*(tblStock[Item code]<>""),ROW(tblStock[Item code])-MIN(ROW(tblStock[Item code]))+1),ROWS(D$3:D10))),"")} | E10: {=IFERROR(INDEX(tblStock[Item code],SMALL(IF((tblStock[Zone]="LBL")*(tblStock[Item code]<>""),ROW(tblStock[Item code])-MIN(ROW(tblStock[Item code]))+1),ROWS(E$3:E10))),"")}
A11: {=IFERROR(INDEX(tblStock[Item code],SMALL(IF(tblStock[Item code]<>"",ROW(tblStock[Item code])-MIN(ROW(tblStock[Item code]))+1),ROWS(A$3:A11))),"")} | B11: {=IFERROR(INDEX(tblStock[Item code],SMALL(IF((tblStock[Zone]="BOX")*(tblStock[Item code]<>""),ROW(tblStock[Item code])-MIN(ROW(tblStock[Item code]))+1),ROWS(B$3:B11))),"")} | C11: {=IFERROR(INDEX(tblStock[Item code],SMALL(IF((tblStock[Zone]="BAG")*(tblStock[Item code]<>""),ROW(tblStock[Item code])-MIN(ROW(tblStock[Item code]))+1),ROWS(C$3:C11))),"")} | D11: {=IFERROR(INDEX(tblStock[Item code],SMALL(IF((tblStock[Zone]="FLM")*(tblStock[Item code]<>""),ROW(tblStock[Item code])-MIN(ROW(tblStock[Item code]))+1),ROWS(D$3:D11))),"")} | E11: {=IFERROR(INDEX(tblStock[Item code],SMALL(IF((tblStock[Zone]="LBL")*(tblStock[Item code]<>""),ROW(tblStock[Item code])-MIN(ROW(tblStock[Item code]))+1),ROWS(E$3:E11))),"")}
A12: {=IFERROR(INDEX(tblStock[Item code],SMALL(IF(tblStock[Item code]<>"",ROW(tblStock[Item code])-MIN(ROW(tblStock[Item code]))+1),ROWS(A$3:A12))),"")} | B12: {=IFERROR(INDEX(tblStock[Item code],SMALL(IF((tblStock[Zone]="BOX")*(tblStock[Item code]<>""),ROW(tblStock[Item code])-MIN(ROW(tblStock[Item code]))+1),ROWS(B$3:B12))),"")} | C12: {=IFERROR(INDEX(tblStock[Item code],SMALL(IF((tblStock[Zone]="BAG")*(tblStock[Item code]<>""),ROW(tblStock[Item code])-MIN(ROW(tblStock[Item code]))+1),ROWS(C$3:C12))),"")} | D12: {=IFERROR(INDEX(tblStock[Item code],SMALL(IF((tblStock[Zone]="FLM")*(tblStock[Item code]<>""),ROW(tblStock[Item code])-MIN(ROW(tblStock[Item code]))+1),ROWS(D$3:D12))),"")} | E12: {=IFERROR(INDEX(tblStock[Item code],SMALL(IF((tblStock[Zone]="LBL")*(tblStock[Item code]<>""),ROW(tblStock[Item code])-MIN(ROW(tblStock[Item code]))+1),ROWS(E$3:E12))),"")}
A13: {=IFERROR(INDEX(tblStock[Item code],SMALL(IF(tblStock[Item code]<>"",ROW(tblStock[Item code])-MIN(ROW(tblStock[Item code]))+1),ROWS(A$3:A13))),"")} | B13: {=IFERROR(INDEX(tblStock[Item code],SMALL(IF((tblStock[Zone]="BOX")*(tblStock[Item code]<>""),ROW(tblStock[Item code])-MIN(ROW(tblStock[Item code]))+1),ROWS(B$3:B13))),"")} | C13: {=IFERROR(INDEX(tblStock[Item code],SMALL(IF((tblStock[Zone]="BAG")*(tblStock[Item code]<>""),ROW(tblStock[Item code])-MIN(ROW(tblStock[Item code]))+1),ROWS(C$3:C13))),"")} | D13: {=IFERROR(INDEX(tblStock[Item code],SMALL(IF((tblStock[Zone]="FLM")*(tblStock[Item code]<>""),ROW(tblStock[Item code])-MIN(ROW(tblStock[Item code]))+1),ROWS(D$3:D13))),"")} | E13: {=IFERROR(INDEX(tblStock[Item code],SMALL(IF((tblStock[Zone]="LBL")*(tblStock[Item code]<>""),ROW(tblStock[Item code])-MIN(ROW(tblStock[Item code]))+1),ROWS(E$3:E13))),"")}
A14: {=IFERROR(INDEX(tblStock[Item code],SMALL(IF(tblStock[Item code]<>"",ROW(tblStock[Item code])-MIN(ROW(tblStock[Item code]))+1),ROWS(A$3:A14))),"")} | B14: {=IFERROR(INDEX(tblStock[Item code],SMALL(IF((tblStock[Zone]="BOX")*(tblStock[Item code]<>""),ROW(tblStock[Item code])-MIN(ROW(tblStock[Item code]))+1),ROWS(B$3:B14))),"")} | C14: {=IFERROR(INDEX(tblStock[Item code],SMALL(IF((tblStock[Zone]="BAG")*(tblStock[Item code]<>""),ROW(tblStock[Item code])-MIN(ROW(tblStock[Item code]))+1),ROWS(C$3:C14))),"")} | D14: {=IFERROR(INDEX(tblStock[Item code],SMALL(IF((tblStock[Zone]="FLM")*(tblStock[Item code]<>""),ROW(tblStock[Item code])-MIN(ROW(tblStock[Item code]))+1),ROWS(D$3:D14))),"")} | E14: {=IFERROR(INDEX(tblStock[Item code],SMALL(IF((tblStock[Zone]="LBL")*(tblStock[Item code]<>""),ROW(tblStock[Item code])-MIN(ROW(tblStock[Item code]))+1),ROWS(E$3:E14))),"")}
... A152: {=IFERROR(INDEX(tblStock[Item code],SMALL(IF(tblStock[Item code]<>"",ROW(tblStock[Item code])-MIN(ROW(tblStock[Item code]))+1),ROWS(A$3:A152))),"")} | B152: {=IFERROR(INDEX(tblStock[Item code],SMALL(IF((tblStock[Zone]="BOX")*(tblStock[Item code]<>""),ROW(tblStock[Item code])-MIN(ROW(tblStock[Item code]))+1),ROWS(B$3:B152))),"")} | C152: {=IFERROR(INDEX(tblStock[Item code],SMALL(IF((tblStock[Zone]="BAG")*(tblStock[Item code]<>""),ROW(tblStock[Item code])-MIN(ROW(tblStock[Item code]))+1),ROWS(C$3:C152))),"")} | D152: {=IFERROR(INDEX(tblStock[Item code],SMALL(IF((tblStock[Zone]="FLM")*(tblStock[Item code]<>""),ROW(tblStock[Item code])-MIN(ROW(tblStock[Item code]))+1),ROWS(D$3:D152))),"")} | E152: {=IFERROR(INDEX(tblStock[Item code],SMALL(IF((tblStock[Zone]="LBL")*(tblStock[Item code]<>""),ROW(tblStock[Item code])-MIN(ROW(tblStock[Item code]))+1),ROWS(E$3:E152))),"")}

Sheet Squares
A1: ID | B1: Aisle | C1: Zone | D1: Row | E1: Col | F1: Depth
A2: L1-01-A | B2: L1 | C2: BOX | D2: 17 | E2: 17 | F2: 1
A3: L1-02-A | B3: L1 | C3: BOX | D3: 17 | E3: 16 | F3: 2
A4: L1-03-A | B4: L1 | C4: BOX | D4: 17 | E4: 15 | F4: 3
A5: L1-04-A | B5: L1 | C5: BOX | D5: 17 | E5: 14 | F5: 4
A6: L1-05-A | B6: L1 | C6: BOX | D6: 17 | E6: 13 | F6: 5
A7: L1-06-A | B7: L1 | C7: BOX | D7: 17 | E7: 12 | F7: 6
A8: L1-07-A | B8: L1 | C8: BOX | D8: 17 | E8: 11 | F8: 7
A9: L1-08-A | B9: L1 | C9: BOX | D9: 17 | E9: 10 | F9: 8
A10: L1-09-A | B10: L1 | C10: BOX | D10: 17 | E10: 9 | F10: 9
A11: L1-10-A | B11: L1 | C11: BOX | D11: 17 | E11: 8 | F11: 10
A12: L1-11-A | B12: L1 | C12: BOX | D12: 17 | E12: 7 | F12: 11
A13: L1-12-A | B13: L1 | C13: BOX | D13: 17 | E13: 6 | F13: 12
... A401: R4-16-D | B401: R4 | C401: BOX | D401: 10 | E401: 36 | F401: 16
